{"cameraMode":{"drawMode":0,"name":"Shaded","section":"Shading Mode"},"sceneLighting":false,"audioPlay":false,"sceneViewState":{"showFog":true,"showMaterialUpdate":true,"showSkybox":false,"showFlares":true,"showImageEffects":true,"showParticleSystems":true},"in2DMode":false,"pivot":{"x":0.00002925097942352295,"y":-0.0764157772064209,"z":0.029391169548034669},"rotation":{"x":-0.0025497199967503549,"y":0.5269415378570557,"z":0.0015808340394869447,"w":0.8498975038528442},"size":0.7192170023918152,"orthographic":true}