{"cameraMode":{"drawMode":0,"name":"Shaded","section":"Shading Mode"},"sceneLighting":true,"audioPlay":false,"sceneViewState":{"showFog":true,"showMaterialUpdate":true,"showSkybox":true,"showFlares":true,"showImageEffects":true,"showParticleSystems":true},"in2DMode":false,"pivot":{"x":12.673380851745606,"y":-5.891986846923828,"z":1.1118823289871216},"rotation":{"x":-0.011000612750649453,"y":0.8516055941581726,"z":0.017886389046907426,"w":0.5237634778022766},"size":31.920129776000978,"orthographic":true}