{"cameraMode":{"drawMode":0,"name":"Shaded","section":"Shading Mode"},"sceneLighting":false,"audioPlay":false,"sceneViewState":{"showFog":true,"showMaterialUpdate":true,"showSkybox":false,"showFlares":true,"showImageEffects":true,"showParticleSystems":true},"in2DMode":false,"pivot":{"x":0.000017240643501281738,"y":-0.0700657069683075,"z":-0.05158817768096924},"rotation":{"x":-0.0025497199967503549,"y":0.5269415378570557,"z":0.0015808340394869447,"w":0.8498975038528442},"size":0.7160416841506958,"orthographic":true}